﻿<?xml version="1.0" encoding="UTF-8"?>
<MetaDataObject xmlns="http://v8.1c.ru/8.3/MDClasses" xmlns:app="http://v8.1c.ru/8.2/managed-application/core" xmlns:cfg="http://v8.1c.ru/8.1/data/enterprise/current-config" xmlns:cmi="http://v8.1c.ru/8.2/managed-application/cmi" xmlns:ent="http://v8.1c.ru/8.1/data/enterprise" xmlns:lf="http://v8.1c.ru/8.2/managed-application/logform" xmlns:style="http://v8.1c.ru/8.1/data/ui/style" xmlns:sys="http://v8.1c.ru/8.1/data/ui/fonts/system" xmlns:v8="http://v8.1c.ru/8.1/data/core" xmlns:v8ui="http://v8.1c.ru/8.1/data/ui" xmlns:web="http://v8.1c.ru/8.1/data/ui/colors/web" xmlns:win="http://v8.1c.ru/8.1/data/ui/colors/windows" xmlns:xen="http://v8.1c.ru/8.3/xcf/enums" xmlns:xpr="http://v8.1c.ru/8.3/xcf/predef" xmlns:xr="http://v8.1c.ru/8.3/xcf/readable" xmlns:xs="http://www.w3.org/2001/XMLSchema" xmlns:xsi="http://www.w3.org/2001/XMLSchema-instance" version="2.16">
	<Configuration uuid="1abee060-0e0d-4e6e-a462-09df0ae0aaf3">
		<InternalInfo>
			<xr:ContainedObject>
				<xr:ClassId>9cd510cd-abfc-11d4-9434-004095e12fc7</xr:ClassId>
				<xr:ObjectId>2a4aa3d5-336e-4b8a-a86a-19ecbb5cc879</xr:ObjectId>
			</xr:ContainedObject>
			<xr:ContainedObject>
				<xr:ClassId>9fcd25a0-4822-11d4-9414-008048da11f9</xr:ClassId>
				<xr:ObjectId>6d2a1f31-2373-49ab-a296-a64ef792e92f</xr:ObjectId>
			</xr:ContainedObject>
			<xr:ContainedObject>
				<xr:ClassId>e3687481-0a87-462c-a166-9f34594f9bba</xr:ClassId>
				<xr:ObjectId>0f47b180-957c-45a7-9e25-2d64ab55176d</xr:ObjectId>
			</xr:ContainedObject>
			<xr:ContainedObject>
				<xr:ClassId>9de14907-ec23-4a07-96f0-85521cb6b53b</xr:ClassId>
				<xr:ObjectId>d4e049ef-e491-4520-b4a9-b480b6dfb8f4</xr:ObjectId>
			</xr:ContainedObject>
			<xr:ContainedObject>
				<xr:ClassId>51f2d5d8-ea4d-4064-8892-82951750031e</xr:ClassId>
				<xr:ObjectId>3448c786-3540-4d83-8c50-e715850f5d15</xr:ObjectId>
			</xr:ContainedObject>
			<xr:ContainedObject>
				<xr:ClassId>e68182ea-4237-4383-967f-90c1e3370bc7</xr:ClassId>
				<xr:ObjectId>f4babb8a-7be2-4976-93e7-7a43da3d40a4</xr:ObjectId>
			</xr:ContainedObject>
			<xr:ContainedObject>
				<xr:ClassId>fb282519-d103-4dd3-bc12-cb271d631dfc</xr:ClassId>
				<xr:ObjectId>89f5617f-fb5b-419b-87c8-3748ec5e9db8</xr:ObjectId>
			</xr:ContainedObject>
		</InternalInfo>
		<Properties>
			<ObjectBelonging>Adopted</ObjectBelonging>
			<Name>ИнструментыБухгалтера</Name>
			<Synonym>
				<v8:item>
					<v8:lang>ru</v8:lang>
					<v8:content>Инструменты бухгалтера</v8:content>
				</v8:item>
			</Synonym>
			<Comment/>
			<ConfigurationExtensionPurpose>AddOn</ConfigurationExtensionPurpose>
			<KeepMappingToExtendedConfigurationObjectsByIDs>true</KeepMappingToExtendedConfigurationObjectsByIDs>
			<NamePrefix>ИБ_</NamePrefix>
			<ConfigurationExtensionCompatibilityMode>Version8_3_17</ConfigurationExtensionCompatibilityMode>
			<DefaultRunMode>ManagedApplication</DefaultRunMode>
			<UsePurposes>
				<v8:Value xsi:type="app:ApplicationUsePurpose">PlatformApplication</v8:Value>
			</UsePurposes>
			<ScriptVariant>Russian</ScriptVariant>
			<DefaultRoles>
				<xr:Item xsi:type="xr:MDObjectRef">Role.ИБ_ОсновнаяРоль</xr:Item>
			</DefaultRoles>
			<Vendor/>
			<Version>1.0.3</Version>
			<DefaultLanguage>Language.Русский</DefaultLanguage>
			<BriefInformation/>
			<DetailedInformation/>
			<Copyright/>
			<VendorInformationAddress/>
			<ConfigurationInformationAddress/>
			<InterfaceCompatibilityMode>TaxiEnableVersion8_2</InterfaceCompatibilityMode>
		</Properties>
		<ChildObjects>
			<Language>Русский</Language>
			<Subsystem>Покупки</Subsystem>
			<Role>ИБ_ОсновнаяРоль</Role>
			<Catalog>Контрагенты</Catalog>
			<Catalog>Организации</Catalog>
			<Report>ЭкспрессПроверкаВеденияУчета</Report>
			<DataProcessor>ИБ_Формирование</DataProcessor>
		</ChildObjects>
	</Configuration>
</MetaDataObject>