﻿<?xml version="1.0" encoding="UTF-8"?>
<ConfigDumpInfo xmlns="http://v8.1c.ru/8.3/xcf/dumpinfo" xmlns:xen="http://v8.1c.ru/8.3/xcf/enums" xmlns:xs="http://www.w3.org/2001/XMLSchema" xmlns:xsi="http://www.w3.org/2001/XMLSchema-instance" format="Hierarchical" version="2.16">
	<ConfigVersions>
		<Metadata name="Catalog.Контрагенты" id="5e90c993-9080-4327-a329-47dd281ec200" configVersion="6ccf23eb19cbec90c60df74da8524bf92628cfd4"/>
		<Metadata name="Catalog.Организации" id="0873e660-fd92-4ef6-a8cc-440b05813a29" configVersion="5aa257da8c339e75768fd98732d963c1d0f937ca"/>
		<Metadata name="Configuration.ИнструментыБухгалтера" id="1abee060-0e0d-4e6e-a462-09df0ae0aaf3" configVersion="ca50627ef8f5f2cf64c5c803ce8536b69abede9e"/>
		<Metadata name="DataProcessor.ИБ_Формирование" id="dc53d585-0372-4129-8065-942356a8eb9d" configVersion="cd22afbe8c759d28f6443a44730d0f60a7fd46a2">
			<Metadata name="DataProcessor.ИБ_Формирование.TabularSection.Товары.Attribute.ЕдиницаИзмерения" id="0215e614-cf81-4da8-95f2-68fab778cf95"/>
			<Metadata name="DataProcessor.ИБ_Формирование.Attribute.Организация" id="047c3ff6-b7b5-43b7-a9df-745a14913427"/>
			<Metadata name="DataProcessor.ИБ_Формирование.Attribute.ПроцентНаценки" id="0674d6a8-8a4d-47d4-9feb-955e863a5597"/>
			<Metadata name="DataProcessor.ИБ_Формирование.TabularSection.Товары.Attribute.Ссылка" id="0f3bf2ae-9fb9-4f07-b907-4c24a463bd54"/>
			<Metadata name="DataProcessor.ИБ_Формирование.TabularSection.Товары.Attribute.КурсВзаиморасчетов" id="11842a59-d8b8-4fee-b4d0-66e511484849"/>
			<Metadata name="DataProcessor.ИБ_Формирование.TabularSection.Товары.Attribute.НомерДокумента" id="19ad0f4f-8ce7-4100-b974-9d2133918ff5"/>
			<Metadata name="DataProcessor.ИБ_Формирование.TabularSection.Товары" id="239e8543-df02-4c76-9ccb-30ff21cb3f0f"/>
			<Metadata name="DataProcessor.ИБ_Формирование.Attribute.КонецПериода" id="27e6ac82-bcd5-49df-8863-f3e81228b02d"/>
			<Metadata name="DataProcessor.ИБ_Формирование.TabularSection.ПроверкаСроковПоступления.Attribute.Номенклатура" id="3344bf65-1082-450f-b395-73ed2a57b054"/>
			<Metadata name="DataProcessor.ИБ_Формирование.TabularSection.ПроверкаСроковПоступления.Attribute.Количество" id="39dbf0fc-a261-4708-8a93-01d2ac76eec8"/>
			<Metadata name="DataProcessor.ИБ_Формирование.TabularSection.Товары.Attribute.Сумма" id="48e653eb-7f92-4cf2-b336-3dec35a6fe55"/>
			<Metadata name="DataProcessor.ИБ_Формирование.TabularSection.Товары.Attribute.Цена" id="490d60b4-c6b6-4f0c-9858-821bf525f042"/>
			<Metadata name="DataProcessor.ИБ_Формирование.Attribute.Контрагент" id="4ef4a064-ea97-4d6b-a41e-ecb756ad2204"/>
			<Metadata name="DataProcessor.ИБ_Формирование.TabularSection.Товары.Attribute.Коэффициент" id="5d857e46-493d-4ff1-8b05-a4da09989849"/>
			<Metadata name="DataProcessor.ИБ_Формирование.TabularSection.Товары.Attribute.НомерГТД" id="61eedf11-82a2-41ef-bb80-3a4e407d9fbe"/>
			<Metadata name="DataProcessor.ИБ_Формирование.TabularSection.Товары.Attribute.НоменклатурнаяГруппа" id="76dcb9f4-6085-41f0-8208-a58770dfa6c1"/>
			<Metadata name="DataProcessor.ИБ_Формирование.TabularSection.Товары.Attribute.Номенклатура" id="93ed1c45-53b9-47bb-b28d-af005ad254b5"/>
			<Metadata name="DataProcessor.ИБ_Формирование.TabularSection.Товары.Attribute.Дата" id="ac089a49-6523-4149-be87-c53483d2638a"/>
			<Metadata name="DataProcessor.ИБ_Формирование.TabularSection.ПроверкаСроковПоступления" id="bab55c5b-78e0-4b8a-9542-37636ff01a8b"/>
			<Metadata name="DataProcessor.ИБ_Формирование.TabularSection.Товары.Attribute.Количество" id="c6930bec-c913-40fc-91dd-c00cf04c8f29"/>
			<Metadata name="DataProcessor.ИБ_Формирование.Attribute.НачалоПериода" id="ca01360d-2d57-4567-9e4c-21f45058f2fa"/>
			<Metadata name="DataProcessor.ИБ_Формирование.TabularSection.Товары.Attribute.ВалютаДокумента" id="d69c315a-35fa-4023-b4c2-0234f4793937"/>
			<Metadata name="DataProcessor.ИБ_Формирование.TabularSection.Товары.Attribute.Обработали" id="e0928eba-79db-4e4f-bf24-24212ffe9023"/>
			<Metadata name="DataProcessor.ИБ_Формирование.TabularSection.Товары.Attribute.СтранаПроисхождения" id="e3393b65-7ef3-4646-bf22-a4e891f3983f"/>
			<Metadata name="DataProcessor.ИБ_Формирование.TabularSection.Товары.Attribute.Пометка" id="f9121871-972e-4f8a-b55e-3d177793d820"/>
		</Metadata>
		<Metadata name="DataProcessor.ИБ_Формирование.Form.Форма" id="500e7cee-0a68-4bfd-93c0-00406ac0f6c9" configVersion="4e5fef3c077dd4d98e56ebbadd3d2b317bece2c3"/>
		<Metadata name="DataProcessor.ИБ_Формирование.Form.Форма.Form" id="500e7cee-0a68-4bfd-93c0-00406ac0f6c9.0" configVersion="ea93ce03e8295e838c90b1e0f15aa0b3f11c7dc1"/>
		<Metadata name="DataProcessor.ИБ_Формирование.Help" id="dc53d585-0372-4129-8065-942356a8eb9d.1" configVersion="db0d15a477102b1cf77444bcd20dc25fddf13811"/>
		<Metadata name="DataProcessor.ИБ_Формирование.ObjectModule" id="dc53d585-0372-4129-8065-942356a8eb9d.0" configVersion="0c199739c6933c4580df9a543e90b45f9f15c167"/>
		<Metadata name="Language.Русский" id="679e9d36-9292-4cb2-b5e1-8666f28cdf60" configVersion="50ca96a7a0452d1e073b0d26c40d008d5cf9c16a"/>
		<Metadata name="Report.ЭкспрессПроверкаВеденияУчета" id="b1ea7488-0ea2-4180-a717-d1c1342eca40" configVersion="f8baf100bef7fc95b78c0791462e2eb8588a8999"/>
		<Metadata name="Report.ЭкспрессПроверкаВеденияУчета.ManagerModule" id="b1ea7488-0ea2-4180-a717-d1c1342eca40.2" configVersion="da2bf430da0ff82345fe1a8cdb1412ac249df21c"/>
		<Metadata name="Report.ЭкспрессПроверкаВеденияУчета.Template.ОписаниеПроверок" id="b5964152-6293-4ef2-b9e2-f8aa9e1b98e2" configVersion="f5e71034820125e6a613fb75b276c25d68faaf58"/>
		<Metadata name="Report.ЭкспрессПроверкаВеденияУчета.Template.ОписаниеПроверок.Template" id="b5964152-6293-4ef2-b9e2-f8aa9e1b98e2.0" configVersion="b47ccebd4bd1ff4ffba8ea2462f21732318c5719"/>
		<Metadata name="Report.ЭкспрессПроверкаВеденияУчета.Template.ОтчетыОбОшибках" id="c687b7b1-0310-4fa7-a33d-0d4e4ed1b9cd" configVersion="31811fb464ac1b5525572dac4098cbc0975dc82e"/>
		<Metadata name="Report.ЭкспрессПроверкаВеденияУчета.Template.ОтчетыОбОшибках.Template" id="c687b7b1-0310-4fa7-a33d-0d4e4ed1b9cd.0" configVersion="2e313cb017fa3df5420d7ea05a357d89f621e3ac"/>
		<Metadata name="Role.ИБ_ОсновнаяРоль" id="302f5d08-06e1-4aae-875c-5d02f1f61e1f" configVersion="0ca430e58fcd9ab512cbca3b8282d65abbbf17cc"/>
		<Metadata name="Subsystem.Покупки" id="04651f27-4920-4ec5-822f-14e229147962" configVersion="ffcb59e9245bd1e08e0b09ebebecc778a34c3fe6"/>
		<Metadata name="Subsystem.Покупки.CommandInterface" id="04651f27-4920-4ec5-822f-14e229147962.1" configVersion="6e960d87c31e1aa3fdc777984bc6cd0bd3f530c0"/>
	</ConfigVersions>
</ConfigDumpInfo>