﻿<?xml version="1.0" encoding="UTF-8"?>
<MetaDataObject xmlns="http://v8.1c.ru/8.3/MDClasses" xmlns:app="http://v8.1c.ru/8.2/managed-application/core" xmlns:cfg="http://v8.1c.ru/8.1/data/enterprise/current-config" xmlns:cmi="http://v8.1c.ru/8.2/managed-application/cmi" xmlns:ent="http://v8.1c.ru/8.1/data/enterprise" xmlns:lf="http://v8.1c.ru/8.2/managed-application/logform" xmlns:style="http://v8.1c.ru/8.1/data/ui/style" xmlns:sys="http://v8.1c.ru/8.1/data/ui/fonts/system" xmlns:v8="http://v8.1c.ru/8.1/data/core" xmlns:v8ui="http://v8.1c.ru/8.1/data/ui" xmlns:web="http://v8.1c.ru/8.1/data/ui/colors/web" xmlns:win="http://v8.1c.ru/8.1/data/ui/colors/windows" xmlns:xen="http://v8.1c.ru/8.3/xcf/enums" xmlns:xpr="http://v8.1c.ru/8.3/xcf/predef" xmlns:xr="http://v8.1c.ru/8.3/xcf/readable" xmlns:xs="http://www.w3.org/2001/XMLSchema" xmlns:xsi="http://www.w3.org/2001/XMLSchema-instance" version="2.16">
	<Catalog uuid="5e90c993-9080-4327-a329-47dd281ec200">
		<InternalInfo>
			<xr:GeneratedType name="CatalogObject.Контрагенты" category="Object">
				<xr:TypeId>907c53d4-8a3f-45d4-b1a1-b6446bce1a04</xr:TypeId>
				<xr:ValueId>77e0e8e7-69f3-44b4-8354-e86c57f6a2b1</xr:ValueId>
			</xr:GeneratedType>
			<xr:GeneratedType name="CatalogRef.Контрагенты" category="Ref">
				<xr:TypeId>8230aa68-285f-4ef1-ad92-ef050adce0c8</xr:TypeId>
				<xr:ValueId>fca8e606-9816-4be8-8ace-21e9a0dca90d</xr:ValueId>
			</xr:GeneratedType>
			<xr:GeneratedType name="CatalogSelection.Контрагенты" category="Selection">
				<xr:TypeId>ebb49b5b-e28d-4eaa-ae23-3c8b7a2cbe4d</xr:TypeId>
				<xr:ValueId>5ae7bbd8-f692-4ea1-a0e5-0bd6aeefce41</xr:ValueId>
			</xr:GeneratedType>
			<xr:GeneratedType name="CatalogList.Контрагенты" category="List">
				<xr:TypeId>808c226f-2587-43f4-a287-68bbf7e40022</xr:TypeId>
				<xr:ValueId>22cd2bf9-5473-44c1-8e15-68d7ee155a56</xr:ValueId>
			</xr:GeneratedType>
			<xr:GeneratedType name="CatalogManager.Контрагенты" category="Manager">
				<xr:TypeId>9228dd01-88cd-4e74-bbf1-840fe2b9d9c3</xr:TypeId>
				<xr:ValueId>393144c2-c91f-4b0f-bfea-d1274316e7dc</xr:ValueId>
			</xr:GeneratedType>
		</InternalInfo>
		<Properties>
			<ObjectBelonging>Adopted</ObjectBelonging>
			<Name>Контрагенты</Name>
			<Comment/>
			<ExtendedConfigurationObject>51b9a2d4-bd53-4f40-824e-e3b4e323279e</ExtendedConfigurationObject>
		</Properties>
		<ChildObjects/>
	</Catalog>
</MetaDataObject>