﻿<?xml version="1.0" encoding="UTF-8"?>
<MetaDataObject xmlns="http://v8.1c.ru/8.3/MDClasses" xmlns:app="http://v8.1c.ru/8.2/managed-application/core" xmlns:cfg="http://v8.1c.ru/8.1/data/enterprise/current-config" xmlns:cmi="http://v8.1c.ru/8.2/managed-application/cmi" xmlns:ent="http://v8.1c.ru/8.1/data/enterprise" xmlns:lf="http://v8.1c.ru/8.2/managed-application/logform" xmlns:style="http://v8.1c.ru/8.1/data/ui/style" xmlns:sys="http://v8.1c.ru/8.1/data/ui/fonts/system" xmlns:v8="http://v8.1c.ru/8.1/data/core" xmlns:v8ui="http://v8.1c.ru/8.1/data/ui" xmlns:web="http://v8.1c.ru/8.1/data/ui/colors/web" xmlns:win="http://v8.1c.ru/8.1/data/ui/colors/windows" xmlns:xen="http://v8.1c.ru/8.3/xcf/enums" xmlns:xpr="http://v8.1c.ru/8.3/xcf/predef" xmlns:xr="http://v8.1c.ru/8.3/xcf/readable" xmlns:xs="http://www.w3.org/2001/XMLSchema" xmlns:xsi="http://www.w3.org/2001/XMLSchema-instance" version="2.16">
	<Catalog uuid="0873e660-fd92-4ef6-a8cc-440b05813a29">
		<InternalInfo>
			<xr:GeneratedType name="CatalogObject.Организации" category="Object">
				<xr:TypeId>df74d253-ff83-4709-acd0-42683f3b3749</xr:TypeId>
				<xr:ValueId>694423a5-fbef-4d3f-8bfd-9b18f0b9499f</xr:ValueId>
			</xr:GeneratedType>
			<xr:GeneratedType name="CatalogRef.Организации" category="Ref">
				<xr:TypeId>9a7afcea-b3eb-45e8-a1c2-b3a9c17407f6</xr:TypeId>
				<xr:ValueId>220e341a-e57d-4fca-afbd-2e6054eb02bf</xr:ValueId>
			</xr:GeneratedType>
			<xr:GeneratedType name="CatalogSelection.Организации" category="Selection">
				<xr:TypeId>cffdd496-9f6e-458b-a624-79beaeda2f60</xr:TypeId>
				<xr:ValueId>dabe736b-f7af-46d1-8718-2a3002537e56</xr:ValueId>
			</xr:GeneratedType>
			<xr:GeneratedType name="CatalogList.Организации" category="List">
				<xr:TypeId>56041d0d-7ecc-49d1-8b26-9865e5382749</xr:TypeId>
				<xr:ValueId>188d10fd-6720-4cc3-b5ed-bd2f51da52c4</xr:ValueId>
			</xr:GeneratedType>
			<xr:GeneratedType name="CatalogManager.Организации" category="Manager">
				<xr:TypeId>d0cb36de-937b-490a-9b63-490f9cf929de</xr:TypeId>
				<xr:ValueId>48edc4b4-093d-4389-bcd1-fc5fc96473bb</xr:ValueId>
			</xr:GeneratedType>
		</InternalInfo>
		<Properties>
			<ObjectBelonging>Adopted</ObjectBelonging>
			<Name>Организации</Name>
			<Comment/>
			<ExtendedConfigurationObject>fd0c3124-91f5-4c1e-bbc0-f2163e61ff2a</ExtendedConfigurationObject>
		</Properties>
		<ChildObjects/>
	</Catalog>
</MetaDataObject>